Xgh1cW3kQ20	12:40 com com com??? Que venen rovellons??
2qSwBHBb83M	39 0 44?
Xgh1cW3kQ20	6:55 link de descarga?
1WEddQb6USI	@Dr.Agustin para la apendice tiene los mismos beneficiós?
Xgh1cW3kQ20	@Tamayo conoces Xifra?? Aquí en Londres lo están petando entre los Latinos, supuestamente ganas dinero con el cambio en criptomonedas y ganas comisiones de los que entran a invertir gracias a ti…😅
XMq1m983RHg	A aparecido alguien a quién lo haya hecho VIVIR 2.000 AÑOS?
Xp__l8Rbwwc	A día de hoy todavía es rentable trabajar con este gano exel?, tengo conocidos que entraron pero hace años y estaban bien con el negocio, pero a día de hoy los veo retirados de este negocio por eso la pregunta
U4D7lr4fmLU	A partir de qué edad es recomendable utilizarlo?
twOjUb9O5J0	A quien escucharian Acerca de como pilotiar un avión? A un piloto experto o a una persona que se montó en un avión?
U4D7lr4fmLU	Aki en la CDMX donde lo consigo??
_mPUaLgHG2k	Alguien ha utilizado el ganoderma? Tengo a mi madre enferma y me gustaría saber si es una opción.
KPj6ShsS5KQ	Alguien sabe si sirve para el vértigo ? Please!!
KPj6ShsS5KQ	Alguien tiene un testimonio sobre la riñiis cronica? Ayer me dijo el doctor que tengo eso, y un pilopo nasal
2qSwBHBb83M	Alguien. El ganodrma le ha ayudado con la diabetes ?
KPj6ShsS5KQ	Alguién que me pueda ayudar y me responda si personas que hayan pasado por cirugia del corazón y tenga problemas de arterias lo puede consumir?
6of1xw9rTa4	Algun testimonio de cancer?
twOjUb9O5J0	Alguno de ustedes sabe la definición de Pirámide en cuanto a negocios se refiere ???
5IvXr19NGEE	Ami me prohíben el café podría tomar el café con el hongo? O mejor un tee
YgtG_CLiEqQ	Amigo saludos, cómo se hace el negocio virtual?
5l03fRWsqjA	Arturo gracias me gustaria saber como podemos ayudar a una persona que tiene piedras en la visicula y en el riñon y tienes añgun testimonio de ellos dos ???  / Gracias espero tu resp.
Xp__l8Rbwwc	Aun aplica enero 2025?
6of1xw9rTa4	Ayuda al cáncer del estómago?
aCj_oZbPABA	Bendiciones Dr.  Escuché el hongo ayda en la absorción de hierro,  pero si una persona esta alta de hierro como bloquear la absorción del hierro?para poder tomar el hongo. Muchas gracias
KPj6ShsS5KQ	Bendiciones amigos tengo una. Duda  hay posibilidades de crear una dependencia al hongo?
twOjUb9O5J0	Bro, puedes hablar sobre la "empresa Xifra"?
2qSwBHBb83M	Buen dia,puede ayudar a la gastritis cronica?.
aCj_oZbPABA	Buen día Dr / Con q tipo de bebida me recomienda consumir el Ganoderma y q horario sería lo ideal? / Gracias
1WEddQb6USI	Buen día Dr. Yo apenas lo empecé a tomar ayer pero actualmente padezco de presión baja y alta, ácido úrico, colesterol y triglicéridos. Mi pregunta seria, podré regular estos detalles y dejar de tomar tantos medicamentos para dedicarme solo al café con ganoderma? O cree que debería dejar las medicinas paulatinamente?
Xp__l8Rbwwc	Buen día Juan...excelente presentación, muy enriquecedora, yo tengo una consulta porque el invima en Colombia,le pone etiquetas de exceso en azúcares en el 3 en 1,eso seria un motivo para una objeción  de compra en el producto.?
GxbbUIZrxn4	Buen día, Doctor Dios le bendiga desde México. Es lo mismo el ongo reishi y Ganoderma???
G_yiwDKXiEY	Buen día, porfavor como lo reconozco, encontré un hongo y por la descripción parece que es el ganoderma  reishi, me podrían colaborar porfavor? Estoy en cali colombia
KPj6ShsS5KQ	Buen día, una consulta, al realizar el proceso para mezclar el ganoderma con otros alimentos como el café, no se perderían sus propiedades en todo este proceso??
U4D7lr4fmLU	Buena tarde Dr.  / Quiero preguntar, viendo su vídeo sobre este hongo maravilloso hablo de la desintoxicación del hígado, que productos ayudan para hacerlo y en cuantos días se puede desintoxicar? Muchas gracias.
aCj_oZbPABA	Buenas Dr Castillo, ¿la ASHWAGHANDA es tan buena como dicen?
1WEddQb6USI	Buenas doctor el café o el chocolate sirve para los calores de la menopausia y sus demás síntomas?
gIsNsvKkQwY	Buenas doctor,  estoy en menopausia q producto de ganoderma me serrviria más?
U4D7lr4fmLU	Buenas noches Dr. / El cereal lo puede tomar un niño de 9 años para el estreñimiento? Cuál debe ser la dosis?
KeghrBg0yVo	Buenas noches para la ansiedad y no puede dormir, para una señora de edad 60 años , que tratamiento se le puede indicar?
aCj_oZbPABA	Buenas tardes  / Dr, y para la esclerosis múltiple será bueno este hongo ? / Gracias
KeghrBg0yVo	Buenas tardes  / Estás pastillas perjudican al hígado?? A un hígado que ya tiene problemas de inflamación. Gracias
GxbbUIZrxn4	Buenas tardes Dr Landivar, consumo ese hongo 🍄 y es muy bueno pero en forma de café ☕️ será beneficioso igual ? ya l escucho Dr !!  / Bendiciones!! 👋🏻♥️🍃
2qSwBHBb83M	Buenas tardes a todos, alguien q tomo pa síndrome de ovarios poliquistico, tan bien es bueno o?
1WEddQb6USI	Buenas tardes doctor es bueno tomar el cafe que se estila? Gracias
aCj_oZbPABA	Buenas tardes doctor le agradezco infinitamente sus videos me han servido mucho, una pregunta...me dijeron que ese hongo sirve para la fibromialgia es esto cierto?
aCj_oZbPABA	Buenas tardes doctor una pregunta mi padre se toma adiro 100mg por un infarto que la dio hace 5años se puede tomar el hongo? Es que he leído que no es recomendable con los anticoagulantes, muchas gracias por su labor
aCj_oZbPABA	Buenas tardes doctor, es verdad que sirve para el parkinson?
aCj_oZbPABA	Buenas tardes, entiendo que este hongo adaptogeno es inmunoregulador, en tal caso tiene beneficios para personas con hipotiroidismo de hashimoto? Puede tomarse mientras uno toma la levotiroxina. El reishí en la noche y la levo en la mañana. Muchas gracias por su respuesta 😊
U4D7lr4fmLU	Buenas tardes, puedo compartir tu video en mi pagina de Facebook?
2qSwBHBb83M	Buenas tardes. Estoy afiliado hace tiempo pero no he vuelto a trabajar. Qué debo hacer para solicitar producto?
gIsNsvKkQwY	Buenos dias!! Dr. Donde lo puedo conseguir? Un saludo desde San Diego, CA
U4D7lr4fmLU	Buenos días / Doctor tengo una pregunta el ganoderma ayuda a curar el cáncer de tiroides? / Y se pueden tomar los tres productos el ganoderma la espirulina y el glutation?  / Gracias por resolver mis inquietudes
gIsNsvKkQwY	Buenos días mi querido doctor muy importante su información.doctor yo lo puedo consumir teniendo hipertiroidismo?. Dios te bendiga 🙏
KPj6ShsS5KQ	Buenos días.. estoy anticoagulada y operada de Ca de pulmón puedo tomarlo?
5IvXr19NGEE	Buenss noche  / Consulta en curculacion cronica como coágulos en varices ayuda?
2qSwBHBb83M	Como adquirir el producto?
Xgh1cW3kQ20	Como el producto va a ser lo de menos?? En cualquier compañía, el producto es lo importante, o cómo se supone que una empresa monetiza? Jajaja cualquier empresa para sobrevivir necesita ventas y si el producto no es bueno como se venderá? Además, Explíquenme dónde está la estafa? Jajaja me vi el video y no me quedó claro! Toca segunda parte donde venga la estafa!
KPj6ShsS5KQ	Como hace una persona para saber que Reishi en polvo nos venden, hay de todos los precios y sé que muchas empresas quieren justificar la calidad vendiendo a precios muy altos.?
Xgh1cW3kQ20	Como le hago para contar mi experiencia con estos sujetos? Y9 tengo una que salió bastante mal
6of1xw9rTa4	Como lo puedo. Conseguir este. Cafe?❤
1WEddQb6USI	Como prepararl El cafe con Ganoderma?
Xgh1cW3kQ20	Como puedo darte información sobre algo que yo creo es una estafa? Es de una academia
1WEddQb6USI	Como puedo,comunicarme   con  el Dctor  Landivar?
5IvXr19NGEE	Como se debe tomar el ganoderma? Yo compré el hongo al natural y dice que se debe lavar mucho y después hervirlo por media hora es así que se debe hacer??
2qSwBHBb83M	Como se que es verdad?
YgtG_CLiEqQ	Como tú dices todas dos son excelentes compañías con excelentes productos, ahí te corrijo algo y es que en el sistema binario  que maneja GE no es de suerte además simplemente es una de las 12 Formas de Ganar que hay,  otra cosa que noto y es DXN alimenta la mediocridad de las personas, al dejarles las cosas aparentemente fáciles, convenciendo de que no tendrán que consumir los productos obligatoria,  que jamás se borran los puntos, entre otras, pero vamos a ser sinceros, ¿si el enfoque es construir una comunidad de personas que consuman Ganoderma Lucidim, por qué el motivo de no incentivar el consumo mes a mes? Es algo a lo que no le veo coherencia. En el mundo real el Montar negocios tradicionales requieren de gastos fijos como arriendo, servicios, nomina, y se sacan adelante con mucho esfuerzo y persistencia. /  /  / En conclusión, me incliné por Gano Excel, por su sistema de capacitación, Liderazgo, emprendimiento que te preparan para el mundo de Negocios,  por qué el sistema binario si se entiende bien su apalancamiento, requiere de menor esfuerzo que su Unilevel, Por qué se enfoca al consumo, y aunque sean más costosos que los de DXN, siempre se mantendrá en su excelentee comercialización.
Xp__l8Rbwwc	Conoces DXN??
KeghrBg0yVo	Consumo los productos de ganoderma hace unos años es maravilloso. Que producto y que dosis me recomiendas para una persona con Ansiedad e insomnio cronico? Gracias
f2sBbYhCiiY	Cual de todos estos productos DXN ya conoces o has probado?
6of1xw9rTa4	Cuales son las Contraindicaciones?
5EwsPP1-jLg	Cualquier marca o alguna marca en especial o si es importante la marca?
XMq1m983RHg	Cura la candidiasis ????
twOjUb9O5J0	Cómo estara este morro después de dos años de estar montando está DESINFORMACIÓN ya será millonario? Por que yo estoy muy bien muy muy bien con el negocio que el desedifica aquí
aCj_oZbPABA	Cómo hago para comprar?
5IvXr19NGEE	Cómo lo pulverizan?
2qSwBHBb83M	Cómo puedo comprar estos productos? Soy de Mèxico
6of1xw9rTa4	Cómo puedo realizar la compra?
6of1xw9rTa4	Cómo se consigue?? / Espero ayude con la tiroides. /   Si alguien envía la foto del producto,se lo agradezco.
Xp__l8Rbwwc	Cómo se consume el cereal?
1WEddQb6USI	Cómo se prepara el café con ganoderma Dr?
2qSwBHBb83M	DISCULPE EL CAFE EXCEL CLASICO TRAE LOS 6 TIPOS DE GANODERMA?
XMq1m983RHg	DONDE LO PUEDO COMPRAR?donde lo compro.
Xgh1cW3kQ20	Dale Carnegie. ¿Cómo ganar amigos e influir en las personas?
Xp__l8Rbwwc	De cuanto es la recompra? Cuanto vale cada punto?
B1tc7OHfSps	Definitivamente quieres like o subscripciones de la gente que te vea, en primer lugar te digo que GANOEXCEL es una excelente compañía y su producto mejoro el autismo de mi hija, es una bendición y ahora lo hago como negocio y que crees? Que  en la cuarentena ha crecido mi negocio aún más por el simple hecho de que la gente quiere elevar sus defensas y otra cosa,,,,,, tengo gente en mi generación que no conozco de otros estados, aún así dices que de amigos no crece? Te informo que no tengo amigos ni familiares inscritos
ASi6k8NKjqk	Después de la cuarta semanas como se toma?
gIsNsvKkQwY	Dios lo bendiga Dr Landivar. El café me altera mi sistema nervioso. Con qué otra cosa puedo tomar el hongo ganoderma? Gloria desde Venezuela 🇻🇪
Xgh1cW3kQ20	Disculpen , vi todo el video pero no entendí donde esta la estafa ? Se de miles de testimonios del producto , hay productos físicos,  creo que estafa piramidal es cuando le pagan a los socios con el dinero de los que entran , aquí hay productos físicos,  y la empresa tiene años en el mercado, cosa que no pasa con los sistemas ponzi, ( no pertenezco a gano excel) pero si consumí productos y familiares y amigos con muy buenos resultados ,
RSKnmoLix8A	Doc! Tenes estudios sobre la Chorella?? Me interesaria un video sobre ella si vale la pena tomarla. Y sobre el cacao! Bueno para no perder la costumbre: Lo Amoooo ❤❤❤❤
U4D7lr4fmLU	Doc. Aldivar gracias por la información estos productos sirven para verrugas genitales?
GxbbUIZrxn4	Doctor Landívar el café que venden DXN tiene los mismos beneficios que usted explico en en su video.?
aCj_oZbPABA	Doctor bienas tardes se puede tomar el café ganoderma si tienes helicobacter pilory y gastritis aguda?
5IvXr19NGEE	Doctor buenos días?         Quieria consultar.                                 que es bueno para flema vengo con este malestar durante 08 años mucho si  acomula en la garganta. / Que producto es bueno DXN.😷🤕
1WEddQb6USI	Doctor el caffe a un con leche lactoso actúa sus beneficios?
1WEddQb6USI	Doctor es bueno para la vesícula el café ganodermo  dos en uno??
gIsNsvKkQwY	Doctor excelente informacion, una consulta y si tienes gastritis crónica? Puedes tomar el café
aCj_oZbPABA	Doctor la ganoderma es bueno para la persona que padece acv???
aCj_oZbPABA	Doctor me podrías decir si el ganoderma con café altera el sistema nervioso ? Muchas gracias
aCj_oZbPABA	Doctor mezcle ganoderma con mi antidepresivo venlafaxina y me sentí fatal, me dio ataques de ansiedad horribles, leí que no deben mezclarse, es cierto??
aCj_oZbPABA	Doctor q m recomienda para gonartrosis ( desgaste de cartílago ? 4' etapa
aCj_oZbPABA	Doctor q me aconseja para desgaste de cartílago (gonartrosis ? Tengo los pies rijidos x momentos y un espantoso dolor
5IvXr19NGEE	Doctor una consulta pero su primer ingrediente es azúcar ??
1WEddQb6USI	Doctor una consulta 🙏 tengo gastritis la bacteria de hace unas semanas y estaba tomando ese café pero por momentos sentía que chocaba a mi estómago, seria recomendable que pueda seguir consumiendo ese café con la bacteria helycobacter q tengo? Lo tomo con espirulina q es verdoso, gracias!
U4D7lr4fmLU	Doctor yo lo tomo para reducir un tumor que tengo de miomas en el útero cuanto tiempo debo tomarlo ? Dios lo bendiga muchas gracias por sus vídeos espero su pronta respuesta
gIsNsvKkQwY	Doctor, el ganoderma será que me ayuda a la circulación?
aCj_oZbPABA	Doctor, y sirve para fibromas uterinos?
U4D7lr4fmLU	Doctor,lo veo desde Jamundí valle del cauca, gracias por sus maravillosos consejos de salud. / Yo tomo en ayunas el jugo de perejil para la presión,puedo consumir éste producto?? / Muchas gracias Dios lo Bendiga
aCj_oZbPABA	Doctor..sirve para cancer de piel?
Xp__l8Rbwwc	Donde consigo el pdf de ese documento que tiene diamante? POrfavorrr
2qSwBHBb83M	Donde consigo el te ganoderma??? Gracias
2qSwBHBb83M	Donde lo puedo conseguir  en Chile ? Por favor
RSKnmoLix8A	Donde los puedo comprar pero de alta calidad?
U4D7lr4fmLU	Donde puedo comprar Ganoderma ??
KeghrBg0yVo	Donde puedo conseguirlo en usa?
2qSwBHBb83M	Donde puedo encontrar eso ?
RSKnmoLix8A	Donde se compran esos hongos naturales?????
KPj6ShsS5KQ	Donde se consigue ganoderma ?
RSKnmoLix8A	Donde se consiguen estos hongos que sean los reales y no que nos engañen vendiendo placebos, podrías aconsejar páginas confiables de donde comprar de forma segura?
m415BL867uw	Donde se encuentran?
U4D7lr4fmLU	Donde see consigue?
aCj_oZbPABA	Dr Castillo ¿Beber gaseosas y bebidas azucaradas aumenta el riesgo de cáncer de colon?
aCj_oZbPABA	Dr Castillo ¿Beber mucho cafe  puede arriresgarme a tener cáncer de colon?
aCj_oZbPABA	Dr Castillo ¿Comer mucho embutido facilita la aparición de cáncer de colon?
aCj_oZbPABA	Dr Castillo ¿Es posible que Ashwagandha nos ayude a dormir si tenemos insomnio?
aCj_oZbPABA	Dr Castillo ¿Es verdad que Ashwagandha aumenta la fuerza muscular de los deportistas ?
aCj_oZbPABA	Dr Castillo ¿Hacer ejercicio físico puede protegerme del cáncer de colon?
aCj_oZbPABA	Dr Castillo ¿La carne rica en grasas animales  puede causar un cáncer de colon?
aCj_oZbPABA	Dr Castillo ¿Puede tomar Ashwagandha si estoy embarazada?
aCj_oZbPABA	Dr Castillo ¿Puede tomarse Ashwagandha para tratar la ansiedad crónica?
aCj_oZbPABA	Dr Castillo ¿Qué es lo mas importante para nunca tener un cáncer de colon?
aCj_oZbPABA	Dr Castillo ¿Qué tengo que hacer si me encuentran polipos en el colon?
aCj_oZbPABA	Dr Castillo ¿Si en mi familia hay casos de cáncer de colon yo también estoy en riesgo de tenerlo?
aCj_oZbPABA	Dr Castillo ¿Si tengo divertículos en el colon tengo mucho riesgo de cáncer?
aCj_oZbPABA	Dr Castillo, he leído que Ashwagandha aumenta la cantidad de espermatozoides ¿es correcto?
aCj_oZbPABA	Dr Castillo, para que neuropatias recomienda tomar la gabapentina?
aCj_oZbPABA	Dr Castillo, ¿la Ashwagandha va bien para el trastorno obsesivo?
aCj_oZbPABA	Dr Castillo, ¿puede hacer un video sobre el autismo infantil? Gracias.
aCj_oZbPABA	Dr Castillo, ¿puede hacer un video sobre qué medicamento va bien para las personas que se vuelven locas? Gracias.
aCj_oZbPABA	Dr Castillo, ¿sirve la Ashwagandha para el trastorno bipolar? Gracias.
aCj_oZbPABA	Dr Castillo, ¿sirve la Ashwagandha para los ataques de pánico? Gracias.
aCj_oZbPABA	Dr el ganó  a que ayuda  a los riñones ?
1WEddQb6USI	Dr landivar..el ganoderma es bueno para ña sinusitis?  Gracias
aCj_oZbPABA	Dr los productos de DXN que se dice son a base de GANODERMA son confiables. Tienen el suficiente ganoderma como completo? Yo lo consumo / Agradecere mucho su respuesta
aCj_oZbPABA	Dr para problemas digestivos gastritis eliminar la helicobater pilory ? / Según hay testimonios de curación con el ganaderma tomado en café .que opinas ?
U4D7lr4fmLU	Dr si tomas medicamentos para la hipertensión está contraindicado el reishi o ganoderma ? Le agradeceria me conteste esta duda saludos
5IvXr19NGEE	Dr tengo metaplasia intestinal y hígado graso en II grado puedo tomar el café ganoderma?
aCj_oZbPABA	Dr y para artritis reumatoide?
aCj_oZbPABA	Dr, el Ganoderma ayudaría para pólipos y Litiasis vesicular ?
1WEddQb6USI	Dr.  porque a mí me causa dificultad para respirar y debilidad muscular?
U4D7lr4fmLU	Dr. / Soy Lucía Nina.  / De República Dominicana.  / Necesito el Ganoderma. Con urgencia. Deme información por favor. Cómo lo consigo?
U4D7lr4fmLU	Dr. Tengo gastritis por reflujo biliar, ya que no tengo vesícula me ayuda el ganoderma?
gIsNsvKkQwY	Dr. Una pregunta, cuánto se le pone ál café y si se puede poner con azúcar morena?,
gIsNsvKkQwY	Dr. Y donde se consigue el polvo del ganoderma?
1WEddQb6USI	Dr. Yo tengo prssion alta colesterol y higado graso puedo tomar los productos de ganoderma?
gIsNsvKkQwY	Dr.Dios lo bendiga..no sabía que el Nescafé es malo.. entonces es mejor el cocechado aki.. Veracruz???
aCj_oZbPABA	Dr.me gustaría q me respondiera esta pregunta.si eh perdido peso por glucemia, puedo tomarlo.?porq escucho q sirve para adelgazar.muchas gracias por su respuesta.
U4D7lr4fmLU	Dónde  la consigo ? Vivo en Vzla.GRACIAS
Ez37UEdrjbo	Dónde está la evidencia que construyó una red de consumo de 60.000 personas en Ganoexcel?
KPj6ShsS5KQ	Dónde lo puedo comprar...? Soy de Tabasco
KPj6ShsS5KQ	Dónde lo puedo conseguir?
XMq1m983RHg	Dónde puedo conseguir el gano café ☕️ en Miami?
b3LN3hl5k7c	Dónde puedo descargar el afiche del porcentaje de Ganoderma?
2qSwBHBb83M	ES LO MISMO QUE DXN?
_mPUaLgHG2k	ESTA MUJER SIGUE VIVA??😢
KeghrBg0yVo	El Ganoderma Lucidum ayuda a la enfermedad del VITILIGO? Me puede ayudar con ese tema por favor?
twOjUb9O5J0	El boli tiene musas incorporadas???
aCj_oZbPABA	El café de Dxn es natural, recomendaría UD tomarlo en el caso de una paciente que está por empezar sus sesiones de quimio?
2qSwBHBb83M	El ganoderma ayuda en la vesícula?
twOjUb9O5J0	El gran maestro de la memoria, pero esto que es? Otro más? 😂😂😂😂
GxbbUIZrxn4	El hongo Maitaque imperial, es bueno para la salud ?
AgHEn_pYi3Y	El plan de compensación de GE America no es una maravilla. Es una maravilla el plan de compensación de GE en Europa o sea el uninivel , ese sí es efectivo. La pregunta es : por que siendo la misma empresa manejan planes diferentes ? Acaso es una simple franquicia donde se enriquece el dueño de GE en América que no es Mr Leow
KPj6ShsS5KQ	El tres en uno tiene lactosa ??
EkLiJaDJDfI	Elimina metales pesados? Que recomienda más Graviola o reishi? Gracias
2qSwBHBb83M	En  mi pais,Bolivia habra ganoderma lucidum?me pregunto
aCj_oZbPABA	En Argentina se consigue este hongo en forma de medicamento? Gracias. Tiene nombre comercial ?
_mPUaLgHG2k	En Peru donde lo puedo conseguir la GANODERMA? ALGUIEN PORFAVOR?😢
aCj_oZbPABA	En Srgentina se llama Ganadería?
KPj6ShsS5KQ	En Venezuela donde lo puedo encontrar?
5IvXr19NGEE	En el octagono del producto dice que tiene un alto nivel de azúcar, y grasas saturadas. Y al revisar uno solo, sale que el componente principal es el azucar. Algo al respecto?
b3LN3hl5k7c	En el video muestra un certificado de Chile, si te fijas en la parte de abajo hay una dirección web, quizá eso te pueda ayudar;  ...pero también tienes razón, a parte de ese documento, ¿por qué no hay otros que lo avalen o lo desmientan? y si los hay ¿porque no lo difunden abiertamente?. todas compañias debrían ser más transparentes sobre este punto.
2qSwBHBb83M	En moneda peruana cuanto seria?
KPj6ShsS5KQ	En un sobre dice no apto para diabeticos. Porque?
RSKnmoLix8A	Entiendo perfectamente; el Dr. La Rosa a veces da muchísima información técnica que puede resultar abrumadora. Para que no te marees, acá te paso en limpio y de forma bien directa cómo te pueden ayudar estos hongos según lo que explica en el video: / Los beneficios principales se dividen según el tipo de hongo: /  * Melena de León (El hongo para el cerebro): /    * Mejora la memoria y la concentración: Ayuda a crear neuronas nuevas y a que las conexiones entre ellas sean más rápidas. /    * Estado de ánimo: Ayuda a reducir el estrés y puede mejorar síntomas de ansiedad o depresión ligera. /  * Reishi (El hongo para el relax y defensas): /    * Ayuda a que el cuerpo gestione mejor el estrés y mejora el sistema inmune. /  * Cordyceps (El hongo para la energía): /    * Mejora el rendimiento físico y mental, ayudando a que te canses menos. /  * Chaga (El antioxidante): /    * Es muy potente para reducir la inflamación y proteger las células del envejecimiento. / En resumen, ¿te van a ayudar? / Si buscás enfocarte mejor, tener más energía mental o proteger tu cerebro a largo plazo, el video sugiere que sí. / La recomendación final del video: Simplemente incorporalos a tu dieta (como alimento) o como suplemento si querés un efecto más específico en tu capacidad cognitiva. ¡Espero que esto te sirva para bajar a tierra tanta información!
RSmvRsGpkNA	Envió GRATIS el libro de beneficios y propiedades del ganoderma Lucidum. / Gracias Dr. Que espacio tan enriquecedor el que usted siempre nos brinda en cada tema que toca referente a la salud. Tengo 13 años de experiencia en el Ganoderm Lucidum,  /  / ESCRIBENOS y te ampliamos la INFORMACION. / https://bit.ly/InformesalWhatsApp /  / https://www.instagram.com/jaimevargas.oficial?r=nametag
KPj6ShsS5KQ	Es bueno para gastritis ?? Tengo gastritis helicobacter  pylori. O q es bueno para hacer tratamiento xfa 🥺🥺
6of1xw9rTa4	Es bueno para la metastasis de higado?
XMq1m983RHg	Es el mismo hongo Ganoderma?
XMq1m983RHg	Es el mismo que Ganoderma?
EkLiJaDJDfI	Es normal que me haya brotado alergia en mi cara?
_mPUaLgHG2k	Es obvio el Gobierno Colombiano no le conviene que una Bióloga de a conocer información acerca de los beneficios del Ganoderma Lucidum como opción para combatir diversas enfermedades entre ellas el cáncer, y claro el conocimiento haría que muchos colombianos dejaran de depender de los tratamientos deplorables de las EPS.  https://www.youtube.com/watch?v=ng95Z4i8vK0 y https://www.youtube.com/watch?v=hzYFy46rkNs&t
KPj6ShsS5KQ	Es verdad que este producto es bueno para el vitiligo? De ser asi donde lo puedo conseguir en Ecuador? Saludos
B1tc7OHfSps	Eso q quiere decir q sus productos son de mala calidad pregunto?? X q la verdad no entendí. Lo digo x q me recomendaron consumir estos productos  x  q me dijeron q para mis. Complicasiones q tengo me iban a servir mucho. Apenas empeze hoy. Entonces q hago  x q según el titular del vídeo  son  malos. Alguien me podría ayudar x favor gracias
XMq1m983RHg	Este es el mismo gano café  ? Y cuantos sobres de café puedo preparar diariamente?
aCj_oZbPABA	Este es el mismo gano café?
KPj6ShsS5KQ	Este hongo también ayuda para La anemia?
5IvXr19NGEE	Este vita cafe gadoderma sirve para el hipotiroidismo?
KeghrBg0yVo	Esto es lo mismo que dxn o es otra empresa?
1WEddQb6USI	Esto no es dañino mientras el paciente tiene diabetes?
Xgh1cW3kQ20	Esto podrá ser literalmente un HONGO MÁGICO? Tamayo en el caso.... (*Música de espías*)
KPj6ShsS5KQ	Estoy en Madrid y quisiera ubicar donde lo puedo comprar?
2qSwBHBb83M	Excelente informacion. Experiencia para sistema linfatico? Como se tomaria.?
Xp__l8Rbwwc	Excelente presentación tiene algún número para comunicarse? Gracias
RSKnmoLix8A	Exelente como siempre !!👏🏻 Y de los 🍄 que contiene psilocibina que info nos podría brindar doc ?.
gIsNsvKkQwY	Exelente mi doc bello Dios me lo bendiga , se le quiere de gratis🙏🇻🇪donde puedo conseguir el ganoderma???
Xgh1cW3kQ20	Existen unos 150 países con legislación dedicada a la Distribución en Red, hoy ya cuenta con 180 millones de personas ejerciendo la profesión de Distribuidor Independiente, denominados dentro de la Industria: Networkers. / Es un trabajo como cualquiera, lo que sucede es que quienes entran creen que en unos meses obtendrán lo que sabemos cuesta más tiempo.  / ¿Cuéntenme que trabajo hacen por 1 o 2 años y ya no hacen más nada más nunca?, No existe algo así.  / Es lógico que hay personas que optan por trabajar en esta industria gran parte de su vida, como también algunos que tienen resultados rápidamente.  /  / Hablemos de 2 conceptos: / Una pirámide es la captación de dinero de manera ilegal dónde te entregan nada a cambio.  /  / Una red de mercadeo: es el intercambio de un producto o servicio, entre una empresa y un consumidor,  debe tener oficinas física en el país, y estar legislado legalmente como tal, tener convenios con la banca nacional, y tener un producto físico, Físico!!!.  / "Una empresa ilegal nisiquiera se molesta con tener convenios bancarios".  /  / El hecho de que no le funcione a algunos, no significa que no funciona para todos, busquen e investiguen bien, que sinceramente por desconocimiento e ignorancia es la peor manera de argumentar, analicen, conozcan y tengan criterios con base a argumentos contundentes, no a opiniones. 🙂
_mPUaLgHG2k	Falta de Cultura y respeto por los que piensan diferente.  comunicadora que pretende?  Pisotear a una mujer? A alguien que está en un cargo por sus méritos y no por atributos.
Xp__l8Rbwwc	Favor sacsme de una duda  / Con el plan de 200$ ya la persona puede  trabajar dicho plan con personas a nivel internscionsl. Es decir  csptar y reclutsr personas  que vivsn en otro pais?????
gIsNsvKkQwY	Felíz año para el 2024 doctor Landivar. Caí en depresión y estoy tomando antidepresivo, puedo tomar café con ganoderma?
B1tc7OHfSps	Fracaso? No hablas desde la ignorancia papi
RSKnmoLix8A	Genial! Podrías hacer un vídeo sobre movilidad? Te escuché decir que es muy importante para la longevidad. Podrías explicar cuales son los principales desajustes que solemos tener y ejercicios para mejorar. Muchas gracias!!
GxbbUIZrxn4	Gracias Dr por tomar de su valioso tiempo para instruirnos  / Tengo tiempo siguiéndolo / Y quiero pedirle si puede hablar sobre la densidad mamaria  / Que se puede hacer ?
U4D7lr4fmLU	Gracias Dr! No dijo cómo tomarlo 👋🏼👋🏼👋🏼.. supongo que te o café .. ya encargué el mío .. como obtenemos sus productos en Estados Unidos?
U4D7lr4fmLU	Gracias Dr. Me podría escribir como se dice en chino reichi ?? Desde ya, su like 😌😀😁
aCj_oZbPABA	Gracias doctor muy buen video, ¿podria hablar sobre el inmunocal?
aCj_oZbPABA	Gracias doctor por el video muy importante  . Quisiera saber si tiene cura el artritis?
1WEddQb6USI	Gracias doctor por sus orientaciones..yo tomo ganodermo 3:1. Me ayudamucho..quienes no deben tomarlo?
U4D7lr4fmLU	Gracias por compartir tus conocimientos qué pasa si doy alérgico a la lactosa puedo tomar el hongo .?  Saludos y  muy agradecida
1WEddQb6USI	Gracias por la información Doctor, es utilizable este producto en personas que tuvieron crísis diabética (problemas de riñon, de presión alta-baja, retinopatía y pie diabético)?
Xp__l8Rbwwc	Gracias por la información. / ¿En Ecuador existe gano excel?
YgtG_CLiEqQ	Gracias por su importante aporte.  Quisiera saber ¿que opina del plan de compensacion BINARIO HIBRIDO?
7i7uIMDsw3A	Gracias por tus testimonios , consulta después de hacer este tratamiento se ISO una endoscopia gástrica para saber cómo está el estómago??
1WEddQb6USI	HOLA disculpen, quiza alguien sabra quien vende el ganoderma que dice el Dr Landivar en este video ,? estoy en Lima Peru
twOjUb9O5J0	Has oido hablar de Andreu Bacardit? Si investigas encontraras cosas sorprendentes. Un saludo
EkLiJaDJDfI	Hla pued tomar ambos juntos con melena d leon?
4p3Gy2GQmQE	Hoa sr ricardo, mi pregunta es. Hay  que haser paquetes empresariales para poder ganar dinero?
KeghrBg0yVo	Hola  / Estuve afiliada , quiero saber si puedo afiliarme nuevamente y donde puedo adquirirlo ?
GxbbUIZrxn4	Hola  Doctor abra algo contra la epilepsia  ,?.
1WEddQb6USI	Hola Doctor, Siempre Veo Sus Videos, Me Parecen Muy.Interesantes, Para Una Persona Que Le Da Hipoglucemia Por Las Mañanas, Puede Tomar El Café Con Ganoderma  ?
aCj_oZbPABA	Hola Doctor, este hongo quita quistes y tumores benignos?, Ojalá y me pueda ayudar
aCj_oZbPABA	Hola Dr . Me puede hacer el favor de recomendarme que es bueno para el Vitíligo inicial ?
1WEddQb6USI	Hola Dr agustin ; agradecer por la información sobre la ganoderma ,, quesiera saber ;;  que efecto tendria al consumir ,, yo  tengo fibrosis polmunar , me afectaria en algo ,, espero su respuesta  gracias ??? Perú
gIsNsvKkQwY	Hola Dr!! Una pregunta sele puede dar café con ganoderma a mi hijo de 14 años con hígado graso?
1WEddQb6USI	Hola Dr. Agustin espero haya pasado una linda navidad. Estuve buscando ese suplemento y lo venden en  pastillas para 30 dias, se pueden usar también y cuantas de ellas? Y en polvo cuantos gramos serían por taza? Gracias por su información.
U4D7lr4fmLU	Hola Dr. El ganoderma también servirá para la artritis?
1WEddQb6USI	Hola Dr. Me podria confirmar si el Vita Cafe es bueno para el Quiste? Porfavor espero su respuesta.
1WEddQb6USI	Hola Dr. gracias por toda la información q nos brinda en cada video, siempre estoy lista con papel y lápiz para tomar nota..... Falló el video y no se escucha cómo preparar el café con ganadería... será posible q me pueda informar como se hace? Muchas gracias de antemano. Bendiciones
GxbbUIZrxn4	Hola Jorge, Como  Podría Contactarlo A Usted  ? Me Gustaria Que Me Acesorara, Podría Ser Posible   ?  Si Pudiera Contestarme Por Favor, DIOS LO BENDIGA MUCHO.
GxbbUIZrxn4	Hola Jorge, Me Gustaria Que Me Asesorara, Cómo Podría Contactarlo  ? Ojalá Me Pueda Contestar, DIOS LO BENDIGA MUCHO
2qSwBHBb83M	Hola Juan Ricardo de antemano Dios te bendiga por la, información, 🙏✨✨ yo éstoy en Perú 🇵🇪. Aquí donde lo puedo conseguir?
2qSwBHBb83M	Hola Juan Ricardo mi pregunta esos son los costos del producto para todos los paises ??
twOjUb9O5J0	Hola Tamayo, que sabes de amway? es piramidal?, porque ellos dicen que no, saludos desde Argentina
KPj6ShsS5KQ	Hola buen dia, tengo lupus eritematoso sistémico, que me ataco a los riñones y articulaciones. Tengo mucho dolor articular, en miembros inferiores y superiores que me limita el movimiento. Puede ayudarme este producto?
KeghrBg0yVo	Hola buen día me gustaría saber si el ganoderma Lucidum y el ganoderma aithouch son la misma ??
MU9jqmVIGXM	Hola buenas noches, para temas de cáncer a la piel, puedo tomar los productos y cuáles? / Agradecería su respuesta
5l03fRWsqjA	Hola buenas tardes , el primer día que lo tome , ni bien lo tome altoque me llamo a vomitar , ni lo termine de tomar y me mandó al baño a vomitar por qué será ? Alguien que me ayude porfis
aCj_oZbPABA	Hola buenas tardes Dr Castillo, lo saludo desde el estado de Texas 🇺🇸 me gustaría saber si Ganoderma puede ayudar a un niño que padece de epilepsia?
aCj_oZbPABA	Hola buenas tardes doctor espero estén bien. Mire en mi lavandero salieron varios hongos ganoderma  pero no se cómo preparar el café, podría orientarme?
RSKnmoLix8A	Hola doc ha investigado algo sobre la psilocibina? Estaría buenísimo un vídeo al respecto 😁
1WEddQb6USI	Hola doc, para el lupus qué tal funciona?
gIsNsvKkQwY	Hola doctor , usted cree que este café me ayude para la anciedad?
gIsNsvKkQwY	Hola doctor Landivar,excelente video como siempre ,usted siempre ayudando a los demás con sus conocimientos en medicina natural que Dios lo bendiga siempre y le de lo mejor en salud y sabiduría para compartir,tengo una pregunta las personas con anemia pueden consumir limon?,y que suplemento recomienda para la anemia?gracias.
gIsNsvKkQwY	Hola doctor gracias por la información. Donde puedo comprar esos productos?
aCj_oZbPABA	Hola doctor quiero saber si la ganoderma ayuda para la artritis reumatoide..?? Atenta a su respuesta mil gracias
2qSwBHBb83M	Hola doctor y como lo puedo conseguir soy de Morelos México ..lo he escuchado que se vende en sobres de café y así es como se debe consumir? O en otra forma.... También se que lo pida comprar en alguna tienda naturista.
1WEddQb6USI	Hola doctor y que me diría de el asma o los pulmones? Muchas Gracias Dios lo bendiga 🙏
U4D7lr4fmLU	Hola doctor yo he tomado café de ganoderma también ayuda?
aCj_oZbPABA	Hola doctor! Tengo a mi madre con un Alzheimer avanzado. Sería positivo para ella darle ganoderma?
aCj_oZbPABA	Hola doctor, soy diabetico me puedo tomar el Reishi Gano rg (DXN)?? Espero vuestra respuesta gracias.
aCj_oZbPABA	Hola doctor,tengo vitiligo,me recomendaron ganoderma,es verdad?esto ayuda pigmentar la piel??
aCj_oZbPABA	Hola doctor.. Es tan amable y me puede decir cuantas cápsulas de ganoderma al día se toman????...
aCj_oZbPABA	Hola doctor.Sirve la ganoderma a combatir el hongo candida?Gracias.
4p3Gy2GQmQE	Hola donde puedo yo infórmame sobre esto.es delo del ganoderma?
gIsNsvKkQwY	Hola dr el hongo ganoderma es el mismo k hongo reishi?? Vivo en California Saludos 👋
1WEddQb6USI	Hola dr olvide preguntarle a mi me ase daño la cafeína ese café lo podré tomar ?
U4D7lr4fmLU	Hola dr. Tengo una consulta, yo tengo hipertiroidismo y vitíligo, leí que para este último es muy efectivo. Pero también que como contraindicación baja mucho la presión sanguínea, esto será así?. Gracias
2qSwBHBb83M	Hola ganlderma ayuda a reducir depresión y anciedad? Respondan x fa
gIsNsvKkQwY	Hola muy buenos dias Dr.  / Una pregunta como se llama el bongo en ingles para buscarlo? / Que Dios me lo bendiga 🙋‍♀️
aCj_oZbPABA	Hola padezco de leucemia linfática crónica, como debería consumir este hongo? Gracias un saludo desde Uruguay 🇺🇾
XMq1m983RHg	Hola servirá para piedras en riñón ?
KPj6ShsS5KQ	Hola sirve para bajar depresión y anciedad ??
5IvXr19NGEE	Hola sirve para bajar depresión y anciedad??
aCj_oZbPABA	Hola sirve para bajar depresión y anciedad?? Respondan por favor
KPj6ShsS5KQ	Hola te ayudan para dermatitis atópica y para desidrosis ?
aCj_oZbPABA	Hola tengo cálculos renales osea calculo en los riñones será que con el ganoderma puedo desvanecer los cálculos y curar mis riñones? Gracias.
5EwsPP1-jLg	Hola! Una pregunta, acá en la CDMX hay muchos productos en los que se vende el ganoderma en cápsulas y en polvo, sin embargo si tienen la misma efectividad que el hongo que muestran en el video? Y el cual remarcan viene importado directamente desde China? Saludos
Xgh1cW3kQ20	Hola! has oido hablar sobre la Nueva Medicina, del Dr. Hamer?
KPj6ShsS5KQ	Hola!! Ganoderma en yogur donde se consigue ?
KPj6ShsS5KQ	Hola!!! Yo era renuente a pronarlo, tanto fue la  / incistencia de una amiga empece a tomarlo? Me mejoro' la circulavion ya no me duelen tanto las varices me equilibrio.el sueño me dio energia, solo q' no todas las marcas funcionan, disculpe cual es la recomendable mca. En mexico.
aCj_oZbPABA	Hola, Dr. Una pregunta. Mi madre fue diagnosticada con linfoma difuso de células b grandes, ¿ella podría tomarlo durante las quimios como complemento?
KeghrBg0yVo	Hola, el pior negro que beneficios tiene para el cuerpo?
GxbbUIZrxn4	Hola, me han dicho que depende en que arbol salga, es cierto? Gracias, y saludos desde España.🇪🇦
KeghrBg0yVo	Hola, que kit podría ayudarle a una persona con VIH? ?
KPj6ShsS5KQ	Hola, sirve para el ácido úrico?
GxbbUIZrxn4	Hola.  En donde se consigue? / Y como se cocina? O trata😊??
KPj6ShsS5KQ	Hola. Mii Papá tiene inflamación de la prostata nibel 3 y me acordé de este maravilloso producto. Alguien sabe cual sería bueno para el?
aCj_oZbPABA	Hola.Sirve la ganoderma para endometriosis?
U4D7lr4fmLU	Holaaaa hijito precioso como hago para obtener tus productos aquí en  Chile?
aCj_oZbPABA	Huuuu la cura de todas las enfermedades?
Xgh1cW3kQ20	Interesante: Te huele mal porque sirve para muchas cosas, sin si quiera investigar seriamente!. Mi hermano, y si primero leyeras (no te vas a morir por leer, y es bueno), el Shen Non que es la primera enciclopedia médica de la humanidad (China), y de ahí recién juzgas?. De pronto te ayuda leer y aprender más que prejuzgar. Culturiza. Y siempre es bueno aprender. Piénsalo. No es mala idea. Ya Mafalda decía "Vivir sin leer es peligroso, porque te obliga a creer en lo que cualquiera diga". Saludos. PD: Hablo específicamente del producto y de sus beneficios.
KeghrBg0yVo	Ish tremendo, ¿Tienes pensado hacer uno de la Trufa en Chile? Seria increibleee
twOjUb9O5J0	Jaja, justo ayer una señora me dijo que tenia una oportunidad  para mí usando la misma carnada de "no te aburres haciendo tu trabajo?"
6of1xw9rTa4	Jorge que tomaste 3 en uno o el café negro?
2qSwBHBb83M	Juan Ricardo el negro sirve para la epilepsia?
twOjUb9O5J0	La gente que compra ese café lo hace en la mentalidad de "Si de todos modos voy a tomar café ¿Por qué no tomar este? Incluso me puede hacer bien" El problema es que no se puede saber si el café tiene ese hongo y si lo tiene que hace ese hongo en el organismo
twOjUb9O5J0	La ignorancia en verdad es atrevida. / Es un trabajo increíble y lo mejor es que podemos tener nuestra propia clientela, uds seguirán haciéndole plata a los demás por un salario lineal que aumenta en un porcentaje muy bajo y al final te hechan, osea y si piensan montar negocio sin pagar, alquiler mantenimiento y todo lo que conlleva tener un negocio,de gratis nada, además si montan negocio tienen que buscar clientes es lo normal  o no?
AgHEn_pYi3Y	La verdad este negocio me da algo de esperanza pero ver estos debates me la quitan, incluso hasta casi me ayudan a conseguir un prestamo para iniciar contrato en un banco pero segun la app por alguna razon no era apto para los prestamos y ps aun tengo la oportunidad de iniciar a trabajar con esta empresa pero soy joven y no quiero iniciar mi vida laboral perdiendo dinero y tomando malas desiciones, que me recomiendan los que tienen o tuvieron experiencia en esta empresa? porque realmente quien me hizo la induccion lo menciono como algo totalmente unico
_mPUaLgHG2k	Le dieron un doctorado por hacer un estudio estadístico simple?
twOjUb9O5J0	Le medio choricearon el logo a General Electric o me parece a mi?
AgHEn_pYi3Y	Lleva tu liderazgo a otro NIVEL👉 https://go.hotmart.com/B85864975C?ap=bb4a / ✔Preguntame por WhatsApp 👉 https://wa.link/twy7i8
aCj_oZbPABA	Lo puedo tomar como suplemento alimenticio?
5EwsPP1-jLg	Los beneficios son igual si se toma el hongo reishi en cápsulas?
_mPUaLgHG2k	Los niños de 1 año lo pueden tomar??
2qSwBHBb83M	Los productos ganoderma de la empresa DXN, es el mismo???
KeghrBg0yVo	Me encanta tu video! Eres profesional de la salud?!
Xgh1cW3kQ20	Me gustaría salir en uno de sus reportajes, contando un testimonio. / Como le ago?
6of1xw9rTa4	Me interesa mucho este producto , ¿ como puedo conseguirlo
B1tc7OHfSps	Me invitan a un negocio para salir de la pobreza pero me dicen que debo invertir 3 mmillones (pesos colombianos)  no se pa que...cuando recupere la inversion de donde va a salir esa plata por comprar cajas que me pagan??. Justo lo que dice el amigo. El negocio esta diseñado para que un alto porcentaje fracase y los diamantes se beneficien.
6of1xw9rTa4	Me pasas los estudios x favor que mencionan lo del cancer? Hay q citar las fuentes.
2qSwBHBb83M	Mi bebe de un año, por desgracia Quedó con Infarto cerebral después de una Cirugía Tumoral. Los doctores Nos han dicho Que No existe medicina Para Regenerar las neuronas del cerebro. Habría alguna esperanza con estos productos??
twOjUb9O5J0	Mi padre cayó en Anway y supongo que sigue cayendo, una y otra vez, en todo tipo de estafas... /  / Mi madre lo acompañaba a las reuniones, empezó a ver que las cosas no funcionaban y le dijo algo así como "estos solo te quieren sacar la plata, son peores que los mormones". Mi padre, luego de discutir esto con mi madre, fue directamente a hablarle al que daba las reuniones y, viendo que poco después volvimos a vivir solos (mi madre y yo), supongo que el le habrá dado la razón al charlatán que daba la reunión. Llevábamos 1 año y medio tratando de vivir como una "familia" en una ciudad completamente nueva y a unos 700km de cualquier otro familiar. /  / En ese momento habré tenido unos 9 o 10 años, de esto hace más de 20 años y... ¿crees que aprendió algo? Hace unos meses vino a visitarme y me dijo "vos que sabes más de celulares, fíjate que me llego un mensaje, ayudame a ver, que un principe de no se donde..." SÍ, no aprendió una mierda!!!!! y no solo eso, litros y litros de shampoo rebajado "cura todo", curanderos de todo tipos y colores, charlatanes y más charlatanes y más productos que no sirven. Parejas que cambia "porque no quieren verme crecer" y demás charlatanería pedorra. /  / Tristemente, esta en una edad y tubo siempre un estilo de vida con el que, mostrarle todos tus videos y otros tantos de los de LeyAntisectas no me servirían de nada.
5IvXr19NGEE	Mi pregunta es  ganó derma contiene cafeína,?
Xgh1cW3kQ20	Mi pregunta es ¿ De toda la carreta que hablaron , Dónde está la estafa ?
KPj6ShsS5KQ	Mi pregunta que pasa si salgo embarazada durante el consumo de 3 en 1  ay algún reacción con mi bb oh defectos uo más adelante tendrá consecuencia ??
U4D7lr4fmLU	Muchas Gracias Doctor por su valiosa información, yo quiero preguntarle si padeciendo Cándida Albicans se puede consumir Ganoderma?, gracias de antemano, Saludos cordiales!!
U4D7lr4fmLU	Muchas gracias por su aporte doctor ya conocía ciertos beneficios del hongo pero cuando la información viene de un profesional de la salud como usted la información es más verás y toma mayor peso. Me gustaría que cuando me responda estas dos preguntas: / ¿Este hongo lo pueden consumir niños? / ¿Y si el ganoderma sirve para el tratamiento de la sinusitis? / Muchas gracias de antemano y que Dios le bendiga mucho.
U4D7lr4fmLU	Muchas gracias por tan buena información, explica muy bien. Yo llevo 9 años tomando Linghzi cofee 3 en 1. Me siento súper bien. Pero quisiera saber si la cantidad q tomo es la correcta. En una taza de agua agrego medio sobre, éste contiene 21g.  Sólo tomo una taza diaria. Será suficiente?  / De antemano muchísimas gracias. Ya mismo me suscribo a su canal y comparto. Saludos.
gIsNsvKkQwY	Muchas gracias por tan valiosa información Dr Yo tomo café d calimosa seria una buena combinación???Dios lo bendiga ❤
1WEddQb6USI	Muchísimas gracias...Dr... Excelente vídeo..por favor.. necesitó productos   para mis ojos, tengo ojos secos...que productos me recomienda..???? Saludos cordiales de Perú Región JUNIN.
1WEddQb6USI	Muy Buenos dias dias Dr. Lo admire. Aqui en Peru venden DXN  es ganoderma  es bueno esa marca? Gracias
GxbbUIZrxn4	Muy buenas tardes dr. Gracias por  ayudarnos  con las cosas buenas que devemos tomar y comer ya que Dios es el que pone los medios para  sanarnos..❤ quiaiera Saber donde puedo encontrar ese hongo? Ya que padezco de infeciones muy seguido y tengo plaquetas bajas
twOjUb9O5J0	No entiendo porque criticar el producto, lo hongos todos se cultivan igual, que hay en los champiñones y el pleoutorus son excelente alimento. Muchos productos tienen excelentes propiedades que aún no se conocen. que tal la sábila? Y un poco de platas que ayudan a la salud. Se debe centra en la forma del negocio de la empresa que muestra si es una estafa. No estoy en la pirámide y el café o chocolate es muy rico.
EkLiJaDJDfI	No es alucinógeno verdad? Jaja
KPj6ShsS5KQ	No hace daño para los ipertensos?
_mPUaLgHG2k	No sé porque se empeñan en desmejorar la impecable imagen de la ministra, ¿Será que es porque las políticas del gobierno no funcionan para ella? Y la pregunta fundamental, ¿Por qué los "medios de comunicación" se prestan para esto?
gIsNsvKkQwY	Oiga doc que opina usted de terapias con par biomágnetico???
U4D7lr4fmLU	Para fortalecer el sistema inmunológico cómo debo tomar el hongo reishi?
KPj6ShsS5KQ	Para gestantes es bueno???
aCj_oZbPABA	Para la Neuropatia periférica sirve?
2qSwBHBb83M	Para la fibromialgia cual me recomiendas?
twOjUb9O5J0	Parecen vídeos de How They Made / Médico ortomolecular de Valencia? / Suena a la historia de Julián Rodríguez, presidente de la APTP, que su hijo murió cuando un curandero así le dijo que tomara unos batidos para curarse.
twOjUb9O5J0	Pero el ciegue con las setas es presunto, cierto o falso directamente?😉😉
5IvXr19NGEE	Personas con hipotiroidismo lo pueden tomar? Si estamis tomandl medicamento??
2qSwBHBb83M	Personas con problemas de insomnio pueden tomar el cordygold? O mejor el ganoderma lucidum? Tengo entendido que el cordygold da mucha energía y por eso lo toman mayoritariamente deportistas.
EkLiJaDJDfI	Podemos tomar con ibuprofeno en el caso de dolor por sinusitis?
RSKnmoLix8A	Podría hacer el video de cómo usar estos hongos? Gracias 👋🏻😊
KPj6ShsS5KQ	Polvo puro soluble de que marca ,DXN ? o de que marca por favor
1WEddQb6USI	Por favor donde se consigue este producto ganoderma, quienes venden esto? /  / Gracias
740pwo52hfs	Por que el fundador leow soon seng, no ha aparecido en medios científicos, sino solo aparece en videos y redes de personas que pertenecen a gano excel?
AgHEn_pYi3Y	Por qué dices que enredador? / Simplemente expongo una metodología que da resultados... Podrías enseñarme otras?
5EwsPP1-jLg	Porfavor me podría decir decir si el ganóderma en cápsulas elimina los parásitos intestinales ???
KPj6ShsS5KQ	Porque el café va curar si es muy cálido??
Xgh1cW3kQ20	Pregunta que tan fácil es vender el producto, es un producto muy caro, entonces el negocio está en meter gente?
twOjUb9O5J0	Pregunta: que negocio , y díganme por favor, no demanda vender? / Sea el producto que sea? / Pirámide? Tengo entendido que eso se dice cuando no hay producto existente, sea el que sea / O el asunto es que odiamos vender y pues como no nos gusta, despotricamos de lo que no nos gusta?
2qSwBHBb83M	Q es el Cordy y que es la Chaga?
Xp__l8Rbwwc	Q tan rentable es al dia de hoy ? Pruebas ?
aCj_oZbPABA	Que cantidad diaria es la recomendada? / Si mis capsulas tienen un vrn de magensio de 17% puedo tomar también mis pastillas de 200 mg dr magnesio o va a ser mucho esa suma ?😊
rWc5lrc0WWw	Que empresa tiene las 6 variedades más potentes de Ganoderma?
_mPUaLgHG2k	Que entrevista tan pachuca. Donde esta el.delito?????
2qSwBHBb83M	Que es el Vordy y la Chaga? gracias
5l03fRWsqjA	Que es genoderma?
Xgh1cW3kQ20	Que gran video muchas gracias, que buen contenido ,Sin embargo es mejor que hables con personas coherentes, al fin y al cabo no es lo mismo, preguntarle a un albañil como hacer pan que al propio panadero, le harías un favor muy grande a muchos. Aunque por suerte quien hace el negocio de manera correcta jamás te refuta nada, para que perder tiempo?
Xgh1cW3kQ20	Que le pasa a Twitch con el C0VID?
_mPUaLgHG2k	Que periodista tan fastidiosa será que es hermana de Viky Dávila?
5EwsPP1-jLg	Que tal ensinar o povo a produzir e assim ver todos esperimentarem os beneficios da saude? Até parece que estao preocupado com a saude das pessoas e sim com as que podem comprar kkk
_mPUaLgHG2k	Que tan bueno es el producto ?
B1tc7OHfSps	Que tanto sabes de gano excel? Puedes responder a la siguiente pregunta seria de gran ayuda. Es verdad que Mr leow soon seng el dueño de esta compañia vendió su marca gano excel a unos gringos??.
KPj6ShsS5KQ	Que tanto tiempo tiene qué  esperar cuándo esta uno con un trasplante de cornea ??
5EwsPP1-jLg	Quierotomar ganoderma donde puedo conseguir en cantidad ?
Xgh1cW3kQ20	Quiso ganar mucho dinero rápido, eso de escéptico no la compro, los libros son muy básicos en la cultura financiera, y como das por buenas paginas en ingles ? solo porque no hablas ese idioma y se ven muy profesionales ?
aCj_oZbPABA	Saben si ayuda con el sobrepeso?
1WEddQb6USI	Saludos desde República Dominicana Dr. /  / Mi pregunta es como puedo bajar la creatinina?
aCj_oZbPABA	Saludos, mi esposa tiene Fibromialgia, algunos comentarios en Colombia dicen que les ha ayudado mucho en su calidad de vida, que piensa usted con su experiencia????? y donde se consigue este producto en Valladolid ??????
XMq1m983RHg	Se cree que tiene propiedades anti oxidantes???  Porque no cuenta con un analisis bromatologico real ??
5EwsPP1-jLg	Se puede tomar con los alimentos?
KPj6ShsS5KQ	Se puede tomar el café priori ganoderma  sin agua caliente ,me refiero mezclarse con agua no caliente no fría, agua Normal?
GxbbUIZrxn4	Se pueden comprar sus productos en España?
2qSwBHBb83M	Se vendé en México?
XMq1m983RHg	Será que también sirve para las alergias?, como la rinitis
AgHEn_pYi3Y	Si Rober Kiyosaki recomienda las edades de  mercadeo y este pobre youtuber dice que no sirve a quien le hago caso ? Al pobre youtuber o al millonario Rober Kiyosaki ?
KPj6ShsS5KQ	Si nos ayuda para el riñón?
B1tc7OHfSps	Si nuestra compañía es un fraude porque estamos entre las mejores a nivel de mundial en el sistema de network marketing? Si somos un fraude porque estamos en la revista dinero? Y por último para no alargar este mensaje si la compañía ganó excel es un fraude porque está abriendo sucursales en 1 a 2 países anualmente? No des mal renombre de una compañia simplemente porque quieres darle publicidad a algo que estés haciendo, deja de ser desleal, y por lo que veo no estás nisiquiera en la compañía como para tener un testimonio fuerte y fundamentado sobre lo que estás diciendo.
ASi6k8NKjqk	Si tengo una enfermedad autoinmune puedo tomar el producto y en que me ayudaria?
XMq1m983RHg	Sirve para casos de lesiones por fracturas?
KPj6ShsS5KQ	Sirve para combatir el dengue? Gracias x su respuesta.Dios lo bendiga.
2qSwBHBb83M	Sirve para dejar la droga?
5IvXr19NGEE	Sirve para el ácido úrico?
aCj_oZbPABA	Sirve para tratar leucemia?
1WEddQb6USI	Sobre para la ansiedad de las drogas ?
U4D7lr4fmLU	Sospecho que mi hija de 21 años tiene leucemia, come muy mal, ha bajado mucho de peso, tiene muchisimo calor x las noches aunque estamos en invierno, no quiero que me la traten en algun hospital con medicinas quimicas. Usted creer que este hongo combinado con la spirulina le pudiera ayudar ?, le agradeceria mucho su respuesta.
twOjUb9O5J0	Tamayo metiendo la cuña comercial de “quieres ser un emprendedor?” y dando paso a producción para que meta el vídeo 😂😂, me encanta jajajaja.
Xgh1cW3kQ20	Tamayo que opinas sobre Xifra?
twOjUb9O5J0	Tamayo. Una pregunta. Sabes que es una pirámide? O crees y especulas que lo es?
B1tc7OHfSps	Te fiarías de una empresa que distribuye sus productos de forma piramidal o multinivel? No, porque no existe ningún control en la distribución ni ningún local abierto al público o domicilio conocido donde poder reclamar
aCj_oZbPABA	Tengo diverticulos acavo de salir de mi cuarto episodio de diverticulitis me recomendaron el riesgo gano , ganocelium y melena de León es cierto que me sirve para mi condición? Le agradecería mucho su opinion
KPj6ShsS5KQ	Tengo entendido que en café no daña pues no tiene cafeína o estoy equivocada? Respuesta por favor.
KPj6ShsS5KQ	Tengo hipertensión arterial. Me puede ayudar esto ??
KPj6ShsS5KQ	Tengo staphylococus en la prostata, sera q me ayudara a eliminarla, algun testimomio?😊
KPj6ShsS5KQ	Tengo una enfermedad neuromuscular autoinmune( miastenia gravis) podré consumirlo para tener mejor calidad de vida?
KeghrBg0yVo	Tengo una gastritis cronica puedo tomar el producto?? Me ayuda con la informacion por favor.
KPj6ShsS5KQ	Tiene alguna función para las personas con diabetes?
B1tc7OHfSps	Todos dicen que es un mentiroso, que no está informado pero tampoco dan las pautas para conocer el negocio, así que : quién dirá las mentiras?
6of1xw9rTa4	Tome ganoderma y me pone nerviosa me activa los puntos gatillos en el. Cuerpo?
Xp__l8Rbwwc	Uf me tramo. Me voy a meter. Como es???.
aCj_oZbPABA	Una duda sirve para el lupus?
Xgh1cW3kQ20	Una en el chat que es investigadora biomedica y no ha escuchado Scielo... ENSERIO? Scielo si es una biblioteca cientifica, pero que las propiedades de una seta puedan trasladarse a un cafe... Ademas deberia verse la efectividad (que a lo mejor es de un 2% y te lo venden como de 100%)
2qSwBHBb83M	Una persona con diálisis puede consumir?
5EwsPP1-jLg	Una persona con el colon inflamado puede tomar el te de ganóderma ?? Porfa me podrían decir
aCj_oZbPABA	Una pregunta Doc. / El Ganoderma, me ha quedado claro que sirve para reforzar los tratamientos del cáncer. / Pero durante el tratamiento sólo? / Después de haber recibido o antes de recibir cualquier tratamiento, serviría para algo? / Y si fuese afirmativo... / Cuanto tiempo antes de recibir la químico o la radio? / O cuanto tiempo después? / Me refiero en un enfermo ya intervenido de cáncer de colon. / Muchas gracias por este vídeo.. Nunca hasta hoy, no oí hablar o que yo recuerde de este hongo. Se
GxbbUIZrxn4	Una pregunta doctor yo sufro de hongo candida es bueno para eso?
GxbbUIZrxn4	Una pregunta dr.de los tratamientos que vende hacen envios a Guerrero ? Quiero hacer consultas y  tratamiento con usted
2qSwBHBb83M	Una pregunta, para un diabético cuál de todos estos productos sería mejor ?
U4D7lr4fmLU	Una pregunta? El genoderma con café es bueno para los que tenemos pangastritis?
2qSwBHBb83M	Una segunda pregunta para un diabético, ya conseguí el café clásico, cuáles serían las horas adecuadas para tomarlo y si se toma con las comidas, antes o después de ellas? Muchas gracias por todo
twOjUb9O5J0	Una tecnica clasica es: ¿Quiere ser tu propio jefe? jaja
KeghrBg0yVo	Usted lo usa?
Xgh1cW3kQ20	Ustedes saben si es sierto los beneficios. O q si hay effectos segundarios de cáncer? Yo pregunto por q en la página de web tienen una advertencia sobre cancer
_mPUaLgHG2k	Vanessa, eres muy inculta... No solo porque no sabes del tema, sino por no saber respetar... Por ti dejé de escuchar 10am de Caracol radio.. Y para hacer una entrevista por lo menos debes leer e informarte sobre lo que vas a preguntar... Das a entender dos cosas opcionales: / 1- No investigó si quiera que es ganoderma, o...  / 2- estás haciendo un mandado..  / Parece que no te enteraste de nada antes de la entrevista... Lo del ganoderma no es nuevo... Es una tradición de más de 4000 años y tiene miles de estudios científicos y con varias patentes.... Sabias esto Vanessa? Y en lugar de meter terror con preguntas y comentarios tan tontos como "ES QUE ES CÁNCER MINISTRA“, debió presentar Caracol y esta periodista el hecho como una NOVEDAD o algo EXTRAORDINARIO y no como si estuviera haciendo algo ilegal o indebido... Lógicamente después tendría que hacer los respectivos estudios... Habla Vanessa del método científico como la novedad y en muchas cosas es lo que menos se usa y las cosas van adelante...  / Se le hace raro que la ministra haga una investigación? Que tiene de malo? Exáltela y anímela a seguir adelante.. Le pregunta por la patente más por cuestionar y ridiculizar que por informar.... Así es Diana Calderón también y muchas más como Vicky y otras muchas... Creen que entrevistar y preguntar es atacar... No... La razón de ser del periodismo es informar, con veracidad e IMPARCIALIDAD, pero de esto poco en el periodismo Colombiano.... Por eso da pereza ver y escuchar noticias... Yo creo que si esto lo presentara un medio de comunicación internacional, lo haría como un hecho sin precedentes, algo fuera de lo común exaltando que un funcionario público hace investigaciones y no se la pasa comiendo de la burocracia como la mayoría de los gobernantes.. pero Bueno... He dicho....
gIsNsvKkQwY	Vivo en Argentina donde se compra ganoderma en farmacias o casas naturistas gracias?
U4D7lr4fmLU	Vivo en la ciudad de México,en donde puedo adquirirlo?
5EwsPP1-jLg	Xfavor cual de los productos es bueno para estreñimiento ??🥺🥺
KPj6ShsS5KQ	Y DONDE LO VENDEN?
2qSwBHBb83M	Y como es para desidrosis y dermatitis atípico te ayuda ?
aCj_oZbPABA	Y cual sería su recomendación para ser longevos ?
KPj6ShsS5KQ	Y cuánto más se puede tomar ??
KPj6ShsS5KQ	Y cuánto más se puede tomar ??  / O solo 500 mg
KPj6ShsS5KQ	Y cómo se puede evitar las canas en cabello naturalme ???
B1tc7OHfSps	Y este man quien es????????
aCj_oZbPABA	Y esto será bueno para un niño con asma y es alérgica????
2qSwBHBb83M	Y los estudios científicos? Quiero revisarlos
B1tc7OHfSps	Y los testimonios te los pasas por donde?  Que tóxico eres.
rWc5lrc0WWw	Y organo gold?.
aCj_oZbPABA	Y para los problemas de anxiedad y depresion ayuda ? 🙏
vgrCA6Hg-H0	Y que pasa cuando el valor es absurdo?
Xgh1cW3kQ20	Y quien dice que los que llamaron están diciendo la verdad?
gIsNsvKkQwY	Y si padezco de ácido úrico no está contraindicado? / Gracias por orientación
KeghrBg0yVo	YO ESTUVE AFILIADA A GANO EXEL QUISIERA SABER SI SERIA POCIBLE DE QUE ESA AFILIACION AUN ESTA VIGENTE PARA PODER ALQUIRIRLO?
ASi6k8NKjqk	Yo le agradezco su explicación mi pregunta es:se toma antes o después de las comidas espero su pronta respuesta por favor ? Elias gracias
EkLiJaDJDfI	Yo lo estoy tomsndo y tengo miomas y me ha dado mas hemorragias es normal?????
Xgh1cW3kQ20	Yo quiero preguntarle al invitado si el hizo algún pago y no le dieron el producto? Si fue así es estafa si le dieron  el producto donde está la estafa?
_mPUaLgHG2k	Yo quisiera saber por ciertas personas se resisten a creer en la medicina natural ? Será porqué no an tenido un familiar sufriendo con una enfermedad cómo el cáncer?
2qSwBHBb83M	Yo soy de Ecuador donde lo puedo conseguir tengo Neuropatia vale para eso?
2qSwBHBb83M	Yo soy diabetica, tengo constantes infecciones de vías urinarias, tengo 66 años, mido 1.50 cm. y peso 40 kilos, se q el hongo reishi también sirve para bajar de peso, qm pasaría si yo lo tomo???
U4D7lr4fmLU	ayuda al musculo esternocleidomastoideo a relajarlo desinflamarlo??
aCj_oZbPABA	ayuda realmente al insomnio, nerviosismo, ansiedad y estres?
5EwsPP1-jLg	buenas noches, por cuanto tiempo consumió el ganoderma?
1WEddQb6USI	buenos días dr,usted vende la ganoderma ?
1WEddQb6USI	buenos días soy Araceli Benítez DXN tiene colágeno con ganoderma?
_mPUaLgHG2k	con mucho respeto es una  ministra  con criterio propio.pero  ha caído en  el penoso terror de  hacerle propaganda a un producto que aún no sabemos  que consecuencias  tenga en unos años.o  será  que ella vende esos productos?
AgHEn_pYi3Y	cordial saludo, despues de 4 años como te ha ido en gano excel?.
twOjUb9O5J0	cordyceps?? pero si es el hongo zombi en el que se basa The Last of Us!
KeghrBg0yVo	dime como puedo hacerlo???
1WEddQb6USI	doctor el café de ganoderma,es bueno pa la diabetes y la inflamación de la próstata?
aCj_oZbPABA	doctor pero yo tengo higado graso ,gastritis y calculos biliares me curaria ?
gIsNsvKkQwY	donde lo puedo comprar soy de Monclova Coahuila??
_mPUaLgHG2k	donde lo puedo comprar,?
1WEddQb6USI	el cafe ganoderma sirve para el reflujo? gracias
KPj6ShsS5KQ	en jaraba tambien es bueno para una persona de 64 años? que tiene pre diabetes
740pwo52hfs	es una piramide. porque tambien debes llevar personas para crecer.. es piramide todos losabemos que pasa que tratan de tapar  eso si todos sabemos ?
yvBrQi1Is7s	gracias por compartir, / cuál sugiere en hipotiroidismo ? / 🍄🙂🕳️
d8UERsR3F8k	gracias que vitaminas CONTIENEN.. y que cantidad suguiere tomar ? en café Dxn  lo conozco  /  /  🍄🍄🍄🍄🍄🍄
AgHEn_pYi3Y	hay dos formas de emprender : como tu quieres y como la empresa quiere. entonces que pasa en tumente pasa decir  solo es vender  pero no , esto en mi opinion basado en mi experiencia esto es como una religion con sus credos . La biblia es la historia de cada persona que a salido triunfando y admito que si estas todo triste entras ahi y despues  olvidaste la tristeza pero te quedas tan feliz e ilusionado que olvidaste tu estrategia entonces cuando te pones las pilas te das cuenta que nadie entiende esta compañia , pones una lista enorme de prospectos,que no creen en estas cosas.YO digo que si entran en esta vaina deben tener en mi opinion por lo menos varias empresas a su nombre  yo digo que ahi si recurren a esta multinivel  que predomina en 7ta y pico de paises(no me acuerdo en cuantos paises predomina esta compañia ) y ahi si decir dinero easy .es una opinion ,pero la verdad si quieren jugarsela alvergas señor emprendedor lo invito a que entre  vea que cuando entra en un principio y a esta por ganar ahi eso le conoce como "odisea economica" yo lo viví pero luego me di cuenta de que¿ por que emprender a su modo? cuando yo puedo emprender a mi modo como me gusta por que honestamente emprender con una linea de patrocinio no me parece muy sustentable para mi .
740pwo52hfs	hola cual seria el proceso para verificar nit ????
AgHEn_pYi3Y	https://www.ganoexcel.us/spanish/productview.php?id=4 / El café 3 en 1 tiene PLOMO
XMq1m983RHg	https://youtu.be/KeghrBg0yVo?si=uM2At-bc0ZTSdM_i / Buenísimo para informarse. Saludos y bendiciones a todos 💕☕️🙏🏼
Xgh1cW3kQ20	jajajajajaj un chico que no hizo caso de cómo hacer el negocio con un método ya comprobado que funciona,  para hacerlo "a su manera" y no le funciona y la culpa es de la empresa? tiene lógica?
twOjUb9O5J0	min. 18:08 ¿Conoces a Romuald Fons?¿Conoces CreceTube?¿Opinión sobre el curso y sobre él? Me interesaría mucho conocer tu opinión personal.
AOiBiBwoq3c	porque estafa?... si vendes los productos que comprastes al principio recuperas tu inversión...
B1tc7OHfSps	prospección en frió ?
U4D7lr4fmLU	saben cuánto cuesta el café ganoderma?
kp-PZFMQsFM	tomar una capsula a la semana podría ser perjudicial ? , gracias
_mPUaLgHG2k	veo muchos agrediendo a vanessa de la torre. que culpa tiene ella de interrogar a esta señora que esta vendiendo algo sin ningun tipo de estudio. sin ningun tipo de aval. si ningun tipo de prueba de que funciona. / insolito que esta señora venda un producto que dice que es para algo y ella ni sabe si lo cura.ella dice: ayyyyyyyyy es que los que tomaron eso me dijeron tal cosa. o sea.............si yo me tomo un vaso de frutiño y digo que tengo una ereccion entonces frutiño es un potenciador sexual? / recuerden el caso de redbull donde los demandaron por el cuento de "redbull te da alas" ella esta haciendo lo mismo. esta timando a la gente.
XMq1m983RHg	y no habia un ganoderma sin un bicho encima ?
YgtG_CLiEqQ	 @JulianRodriguez-vy4lv  ?
YgtG_CLiEqQ	 @JulianRodriguez-vy4lv  cuáles mentiras?
b3LN3hl5k7c	 @fraalcon   1.Que es hablar por hablar?  /  / 2.Si no tuviera argumentos porque elimina mis comentarios y me calla, parece el Gobierno duque y los URIBISTAS tratando de ocultar las cosas que dice y hace mal /  / 3.La verdad de que? Osea según usted no debemos estar en Ganoexcel pero tampoco en DXN, entonces que propone?
b3LN3hl5k7c	 @fraalcon  Es que una cosa es hablar de mi empresa, Usted lo que hace es hablar mal de Ganoexcel para atraer a su proyecto, Y no estoy criticando estoy pidiendo esa información, pedir una información es criticar? Razone, Tome más de esos productos haber si mejora y entiende las cosas
6of1xw9rTa4	¿ Dónde lo puedo encontrar y cuál se su nombre de mercado?
B1tc7OHfSps	¿Cómo que no tenemos prospectos? Si tenemos el sistema, si tenemos prospectos,  tenemos todo un sistema educativo , deja de apalancarte pero tú con este video para tus manías.
6of1xw9rTa4	¿Habías escuchado antes sobre los beneficios del hongo Reishi contra la metástasis y el colesterol?
twOjUb9O5J0	¿Por en general la gente joven es la que más fácil cae en estas estafas?
G_yiwDKXiEY	¿Sabías que el Ganoderma ha sido utilizado durante siglos en la medicina tradicional? Aprende cómo puede ayudarte a: / ✅ Fortalecer tu sistema inmunológico. / ✅ Mejorar tu energía y vitalidad. / ✅ Prevenir enfermedades de manera natural. /  / ✅Mas información: https://bit.ly/Web-DXN / Escríbenos para mayor información / ✅WhatsApp: https://wa.link/8sjs4g
aCj_oZbPABA	¿Se puede usar durante el periodo menstrual?
twOjUb9O5J0	¿pero no coloca?
AgHEn_pYi3Y	Ósea pretenden montar un negocio sin clientes? Por Dios sea coherente claro que hay que tener prospectos hay que moverse y vender para éso se hicieron los negocios, sería más aterrador que le dijeran a uno que la plata le va a llegar sin mayor esfuerzo, otra cosa no compares ganó café con café tradicional, ganó café es la evolución del café aparte de traer salud también es bienestar, no Veo una persona que inicie un negocio sin captar clientes
XMq1m983RHg	​ @andreacalambas92  me podrías dar información vs la diabetes tomando el café ??
_mPUaLgHG2k	“ Patentarlo” jajajajajaja esa periodista solo piensa en el dinero? 🙄
gIsNsvKkQwY	❤ buenas noches doctor Agustín adónde se compra el ganoderma?
B1tc7OHfSps	😅😆 habla de estafa y está hablando de “fracaso”, no lo sé Rick ... veo que le presentaron el negocio pero se siente incapaz de hacerlo. Entendible pero amigo mío si una compañía tiene  tantos resultados es por que tiene un sistema coherente con los resultados, lo segundo es que no aproveches la fama de una marca Tan respetada y de talla internacional para “ganar” views definitivamente es la peor forma de hacerlo. Tres estoy segurísimo que el mismo índice de “fracaso” como lo llamas pasa en las universidades, emprendimientos, cursos de inglés etc... Claro esta ; el obeso que quiere bajar  de peso y ponerse en forma, paga la membresia en enero pero nunca va no es constante  y llega diciembre y como no hizo NADA ! Obvio 🙄 no tiene resultados y entonces el gym es una estafa ?? 😆 educarse y aprender de los mejores hace que hagas en realidad un negocio de mercado relacional y no solo basarte de conjeturas sin fundamento. /  / Saludos !
